id;contract_id;company_id;account_id;contact_signed_date;contact_signed_title;contract_end_date;contract_number;contract_number_input;contract_stage_id;contract_start_date;owner_employee_id;payment_method_id;contract_name;contract_type_id;currency_id;grand_total;payment_term_id;quote_id;currency_exchange_rate_id;contract_stage_name;payment_status_id;period;payment
1;database cross-platform;Mauritania microchip;Account maroon;2024-12-04;IB Rubber;2024-12-04;Intranet;Chair Singapore Kids;withdrawal;2024-12-04;backing Borders;Loan unleash;Borders Innovative azure;29304;Consultant;80160;Supervisor Integrated;deposit;program Salad;Data Bedfordshire Metal;48605;9822;even-keeled
2;Tugrik;AI Sweden;Illinois Handcrafted;2024-12-04;Ball Fresh transition;2024-12-04;payment intuitive port;Port Berkshire Metal;Web Central;2024-12-04;holistic;Fresh;Security withdrawal challenge;21633;Liaison Account Dominican;20006;neural Principal;Strategist Account Krone;haptic Brazil COM;Human Ports Dynamic;96931;83103;Principal Metal
3;neural Marketing;withdrawal Creative;Accounts Computer multi-byte;2024-12-04;Denar Ball Music;2024-12-04;overriding;Algeria transform;Administrator Chair;2024-12-04;navigate;Designer Music Forward;e-services Ameliorated;68842;Object-based;64214;e-enable;multimedia;silver Cambridgeshire;1080p;74711;60113;tan
4;Egyptian cohesive copying;optical;invoice;2024-12-04;payment Delaware payment;2024-12-04;Planner microchip;Dynamic;Profit-focused;2024-12-04;Director Belgium Expanded;Borders Sausages;turquoise Sleek Devolved;31257;Intelligent niches Market;75006;Designer Manager;magenta product;systems client-driven;Junctions Shirt;89183;62679;virtual
5;Operations transmit;Borders radical Brand;Borders Engineer;2024-12-04;Soap 24/365 Markets;2024-12-04;Fresh;utilisation Future;Fresh Music;2024-12-04;portal;Reverse-engineered blue;Macao Mouse Automotive;95829;workforce Dynamic;3034;Specialist envisioneer;Dominican America;mobile copying;yellow;91936;95025;Cape
6;violet;withdrawal THX Checking;Arabia compress;2024-12-04;back-end People's;2024-12-04;Agent grey;Tunisian Planner Orchestrator;full-range firewall Denar;2024-12-04;visualize e-business;Customer-focused Greenland;leading-edge Chief indigo;58647;olive quantify;10932;Integration;digital Games;Planner Intranet;solid web-readiness;89275;53369;world-class
7;Facilitator grow;overriding systems;Customizable Electronics;2024-12-04;overriding;2024-12-04;Licensed;Islands;multimedia Metical;2024-12-05;haptic;Solomon;client-driven;21632;Sausages;49511;synthesizing CSS navigate;Avon quantify;integrate orchid panel;scale;63924;8300;Games Metal
8;up;Angola SMS;Optimization;2024-12-04;Handmade;2024-12-04;multi-byte;Shoes;Intelligent;2024-12-04;Ergonomic Berkshire Som;Dynamic Communications;leading-edge aggregate Intranet;58056;Team-oriented Developer Islands;59221;Handcrafted Franc;port;info-mediaries;withdrawal SMTP;86984;83131;applications architecture
9;payment Rubber Bedfordshire;Intelligent Ergonomic;Micronesia Cotton;2024-12-04;online;2024-12-04;Chief;open-source;bricks-and-clicks Assurance;2024-12-04;mission-critical Interface;Account Intelligent Monitored;innovate;81788;up withdrawal Algeria;33611;National;TCP reboot;synthesizing silver;synthesizing;29194;50699;digital gold Fish
10;impactful platforms;Frozen HTTP;Buckinghamshire one-to-one;2024-12-04;transition;2024-12-05;interfaces Cambridgeshire;Account Savings Fantastic;Arkansas customer relationships;2024-12-04;dot-com Focused RAM;strategize Central;Metal;70172;Configuration;1255;circuit;green ivory;Vermont;Manager grid-enabled Health;90678;55937;Kenyan payment
